song	artist.0	artist.1	artist.2	artist.3	artist.4	artist.5	contentId	title	startTime	userId	channelId	thumbnailUrl	viewCounter	mylistCounter	likeCounter	commentCounter	lengthSeconds	tags.0	tags.1	tags.2	tags.3	tags.4	tags.5	tags.6	tags.7	tags.8	tags.9	tags.10
（；`・ω・）チャーハン作るよ！	MazoP						sm4596185																					
「Ai」scream.	hedonism						sm33965745																					
/hidden	デッドボールP						sm2176526																					
●◎	原口沙輔	椎乃味醂	VOLTA	Mylta	無色透名祭公式		so45525569																					
100%	デッドボールP						sm10827961																					
10mmちょうどのオーロラ	ある調味料						sm34327632																					
10のやくそく	HMOとかの中の人						sm2797346																					
11回目の宇宙とラヴェレ	yukkedoluce						sm16136102																					
249.51	クワガタP						sm11482032																					
5:03	夢見るP						sm7037132																					
5150	ダルビッシュP						sm17112691																					
86,399	西島尊大						sm29467171																					
８月の彼女は向こう岸で微笑う	millstones						sm31827366																					
⑨	emon(Tes.)	てにをは					sm33479981																					
AI YUENI	daniwell						sm27127932																					
ALICE O'CLOCK	きさら						sm35136137																					
aloud	キョータ						sm31124541																					
ARADANOMI	てとら	Noz.					sm37497557																					
AR都市TO幻KYO	____natural						sm31059534																					
B.O.M.	マイゴッドP						sm8835715																					
Bakemono	ftrygry						sm41954564																					
BA乱CE	梅とら						sm45124777																					
Bet!!	沫尾						sm41777116																					
binary star	Re:nG						sm2516988																					
Birth	19's Sound Factory						sm1979262																					
BUNKA開放区	ワンダフル★オポチュニティ！						sm16532577																					
Bye-bye My Blue Bird	ぺぺろんP						sm10981076																					
Cake	雄之助						sm45082211																					
CatDog	とうかさ						sm34317360																					
charActer	azuma						sm11328205																					
cherish	愛生佑城						sm39208963																					
COLONY	Torero						sm37025719																					
colors	骨盤P						sm11486687																					
Contrail	yuxuki	whoo					sm17172232																					
Crimson Camellia	Sweet Revenge						sm7878515																					
crossfade	halP						sm5090668																					
crossfade	hal						sm5090668																					
Darling	飴がふる空						sm37603904																					
divide	葵木ゴウ						sm21443364																					
DON☆TEN	オワタP						sm14596119																					
Dream Guy	MJQ						sm23448752																					
Drive Life	のりぴー						sm7470594																					
EDEN	みつばちぼっち						sm40351276																					
Egoism	春野						sm33629435																					
escapade	oOらいかOo						sm10254852																					
Euphoria	じん						so33739392																					
EXtend	FB777						sm9190641																					
First Note	blues						sm39540283																					
Fizz？	nuts rock						sm25425573																					
for you	神谷まう						sm30101143																					
Frogging Dance	鼻毛P						sm1771019																					
ghost	Guiano						sm42438878																					
GOAT!	黒うさぎ						sm45223513																					
GraveKeeper	きの（嘆きのP）						sm19412448																					
Heart Groove	すけっちP						sm12255342																					
Heptomino	くれふ	無色透名祭公式					so45525917																					
Honey Yellow	Torero						sm34104812																					
I wanna fly up	ラマーズP						sm25128056																					
Imitation	Heavenz						sm9354208																					
INDUSTRIAL GRASSHOPPER	llliiillliiilll						sm25924709																					
Innocence	KAZU P						sm1826238																					
Judas	あ子						sm35200313																					
LEO	harunacute						sm3811621																					
Lience	seleP						sm17591030																					
LINK	TRI-ReQ						sm8523409																					
M.O.O.N.L.I.G.H.T	Torero						sm38598134																					
Magical Ripper	emon(Tes.)						sm24229348																					
Marble	R Sound Design						sm29531924																					
Microwave	Adeliae						sm43849896																					
Mint Lemonade	Torero						sm39029077																					
Mora	文無						sm26197406																					
My Dear	しゅうな						sm31137590																					
Never Forget	プリクマー						sm8097375																					
Next Galaxy	NONEMU						sm31777436																					
Nostalgic	yuukiss						sm9874560																					
One Room Lovers	栗山夕璃						sm26417008																					
ORIGINAL Girl	ひかっぴ						sm29933144																					
PARASITED	ANGL						sm35368484																					
Passion!	市瀬るぽ						sm43438927																					
Pastel	銀河方面P						sm17736407																					
PPPP	TAK						sm45410782																					
Rabbit-僕の中の君-	みきとP						sm34823807																					
Ribbon	sabio						sm45320485																					
Scarlet Rose	seleP						sm15319178																					
Shapeless	吉田夜世						sm44892408																					
SLIP	いよわ						sm45353842																					
Snow Stardust	ミツキヨ						sm30520679																					
Soul Breeze	Dixie Flatline						sm17113191																					
Splatter Party	かめりあ						sm20645871																					
Star Box	SmileR						sm13173878																					
Sugarless Heart	shino						sm31172309																					
super now	kaichi						sm32375718																					
sweet vengeance	150P						sm10233916																					
SWEETEST COLOR	B9☆						sm43434729																					
T.A.O.	じん						sm35825686																					
take it easy	八王子P						sm18559773																					
the fall	Nem						sm14020985																					
TOKYO NEON GIRL	ゆけむりおねこ						sm41289257																					
TRAP×TRAP	八王子P						sm19912384																					
Trees In Our Homeland	ryuryu						sm13104396																					
U	奏音69						sm31851732																					
V.S	大漠波新						sm44902292																					
VIRTUAL LOVE	カワウソP						sm10874513																					
vうなぎのぼれびくとりー!!!v	カルロス袴田(サイゼP)						sm44269918																					
Weißer Schnee	regulus						sm27058655																					
who am I?	ゆよゆっぺ						sm19480570																					
WINE BERRY	蘭						sm13673832																					
XIII	xea						sm42554660																					
Ziqqurat	雄之助						sm37707244																					
アイサイ	ラマーズP						sm28466695																					
アイデンティティ	*Luna						sm33447778																					
あいまいなまいにち	daniwell						sm32682801																					
アイリス	wotaku						sm34175446																					
アコライト	ナポリP						sm22967760																					
アシンメトリー	cosMo@暴走P						sm36916315																					
アタマモミ	はるまきごはん						sm45315882																					
アッカンベーダ	ピノキオピー						sm20161166																					
あなたに会いたくて　あと、CMが多すぎて	でんの子P						sm39661315																					
アフタースクール	wotaku						sm44633772																					
アベリア	Aliey:S						sm45162338																					
アマチュア音楽やめられねぇんだわ	Ro2noki						sm43427909																					
あまねく自転車操業とまるめ込み餡団子	hanzo						sm19828875																					
あめあかり	なぎ						sm26045586																					
アモーレ	ゆずひこ						sm15231683																					
アリストラスト	n-buna						sm17133122																					
アレグラ	鬱P						sm16141249																					
アンダーカバー。	あばらや						sm44308874																					
アンヤノホトボリ	たくしP						sm42441216																					
イコン	ジグ						sm34709458																					
イデアル	伊根						sm39382585																					
イト≠イト	ぐるたみん						sm35223024																					
インフォデミック	しゃいと						sm45319118																					
インプレゾンビ	Adeliae						sm44062385																					
ウィスパーゲーム	shikisai	しいか					sm43683695																					
ヴィンカ・ルベルカ	一筆かもめ						sm45237208																					
うさぎのかぞえかた	さつき が てんこもり						sm22925995																					
ウソ	uzP						sm13810929																					
ウタヲキカセテ	かずくんP						sm16772925																					
うに	立秋						nm15471828																					
エターナルアリア	Adeliae						sm41720763																					
えにしの鎖	エヌジテ						sm30069985																					
エラーコード	ノル	無色透名祭					sm43002380																					
エンド・オブ・フェイク！	ミ瑞						sm44820769																					
おきゅおワルシャワ！	Shu						sm45062486																					
オクタゴン	ちいたな						sm35660136																					
おこめディスコ	OSTER project						sm38145905																					
オフホワイト	risou						sm29943045																					
おりこうさん	SEVENTHLINKS						sm34004373																					
オレンジ・ムーン	ねじ式						sm44263358																					
お姉ちゃんって呼びかけて？	ラマーズP						sm31480049																					
お葬式	やながみゆき						sm35257107																					
お姫さまゲーム	奏音69						sm24167219																					
お遊戯会、はじまりはじまり	卯花ロク						sm39466752																					
カザミ鳥	Mah						sm26611921																					
カプセル	フユウ						sm42566130																					
カボチャになっちゃった！	カルロス袴田(サイゼP)						sm32178081																					
かみさまちゃん	ど〜ぱみん						sm41615034																					
カミサマなんていない	Shu						sm41152121																					
ガラスの糸	傘村トータ						sm34597840																					
カルミナ・マキーナ	あー民P	すずきP					sm7729957																					
キ・セ・キ	ベビタス						sm7349780																					
キミが好きで	タカノン						sm14346918																					
キャンディ・ハニー	アキバヲタP						sm24586441																					
キャンディフリッピンと君	savasti						sm35474514																					
きらめきドリーマー	バルP						sm3889892																					
キングスレイヤー	マイキP						sm42685312																					
クイズのお時間	オワタP						sm43423600																					
クソデッカ★オーディエンサー	GYARI						sm45293308																					
クラスで一番人気のあの子は校舎の裏で人を殺した	mao sasagawa						sm33283466																					
クランベリーパレード	小宮かふぃー						sm38523946																					
クリーチャーX	キツネリ	Camelots					sm45300860																					
クリーチャーX	ゆくえレコーズ						sm45300860																					
クリヱヰタ	Shu						sm45328813																					
こいのうた	あだちかすか						sm44414453																					
ここにタイトルを入力	無色透名祭公式						sm45656789																					
ココロドリーム	かいりきベア						so45023064																					
こちら大和、明日に告ぐ	チームカミウタ						sm25966754																					
この世で最も醜い花	ive						sm32933393																					
こんな月の夜に	CAZZ						sm16780307																					
サイテーの人	梨本うい						sm21621652																					
サキュバシズム	ふぁるすてぃ						sm40252349																					
サクリファイス	いたちまP						sm10441385																					
ザクロ	イバラナ						sm40669470																					
サブスクライフ	風原						sm40139573																					
サマーフォックス	パトリチェフ						sm31511465																					
さようならアナロ熊	熊谷幻斎						sm11489816																					
さよならなんだ	中瀬ミル						sm45327730																					
さよならの後に	yuk						sm32444943																					
さよならルーキー	トキトウメイ。						sm43362878																					
ジィガ	雨良						sm45309323																					
シークエル	szri						sm45320757																					
じかいさくであいましょう！	makara						sm43431590																					
シックワールド症候群	YURAGANO						sm31538765																					
じゃがいもHOTEL	キテ						sm39406933																					
ジャスティファイドジェノサイド	カラスヤサボウ						sm21482257																					
シャドーマンショー	梨本うい	YM					sm38407674																					
じゃん	青谷						sm25692893																					
シューゲイザー	ぴぼ						sm32624758																					
ジュリエッタとロミヲ	emon(Tes.)						sm12334645																					
ストロボ	yamada						sm31899919																					
スノウドライヴ(01.23)	Omoi						sm22730034																					
スプートニク少年少女	キャプテンミライ						sm15455164																					
スライ村	稲むり						sm45059106																					
ズルくてすごい	一二三						sm35630006																					
セイクラベ	瀬名航						sm28583629																					
そいやっさぁ!!	囚人P						nm8467847																					
ソテイラ	しとお						sm41046195																					
その音が鳴るなら	石風呂						sm44708667																					
その優しい星の名は	キョータ						sm24836775																					
そらのサカナ	椎名もた						sm12110052																					
ソレイユ -Soleil-	トラボルタ						sm18857288																					
そんでまた腹が減る	カルロス袴田(サイゼP)						sm39097801																					
たそがれ体操	こめだわら						sm34935983																					
たりない	mao sasagawa						sm32178429																					
ディストピア・ロックヒーロー	cosMo@暴走P						sm22421174																					
テーブルトークマナーズ	さくらば						sm23323229																					
デーモン	メル						sm32639511																					
デスロウ	鬱P						sm37495112																					
デタラメ妄想トリップ	koyori(電ポルP)						sm7509450																					
デッドマンズバラッド	cosMo@暴走P						sm37697231																					
でていけー!!!!	cosMo@暴走P						sm45175681																					
テラクラウド	ねじ式						sm32625103																					
でんぱ どりる わんにゃー☆三	キノシタ						sm45156304																					
トイ・パレード	leal						sm27066564																					
ドゥーマー	東京真中						sm45305971																					
トウメイショウジョ	ゆずひこ						sm17201316																					
トリノアイウタ	DECO*27						so13023716																					
ナッシングバット・スカイ	アオワイファイ						sm34388428																					
ニトロ	ぐちり						sm38616236																					
ネコに風船	OSTER project						sm37157689																					
ノアール	傘村トータ						sm43657278																					
ノラネコ	otetsu						sm16475474																					
ハーゲンダッツ以下の殺風景	背脂部						sm16315077																					
ハクチウム	ブブゼラ						sm41662723																					
バグラグ	しーくん						sm34880330																					
ハコ	鍵盤無双P						sm16339539																					
ハザクラ	808P						sm6939036																					
はじめてのドレミ	OTO						sm12422635																					
はしる! とおく! とどく!	薄塩指数						sm44434906																					
バツ猫	きくお						sm35536936																					
ハナウタ	ピノキオピー						sm28285692																					
ハナタバラード	ライブP						sm26143974																					
はなまるセカイ	ふわりP						sm26416613																					
パラノイア	アオワイファイ						sm35414441																					
バリアシエラ	吉田夜世						sm39917366																					
ハルコイウタ	fatmanP						sm6558184																					
バレリーナ.jpeg	A4。	無色透名祭公式					so42905751																					
ハンギャクセイシン	きいろ						sm23488979																					
パンドラ	buzzG						sm39484089																					
パンプキンヘッドスプーキィダンス	マチゲリータ						sm12607047																					
ピー少女	ラマーズP						sm7174231																					
ピカソの備忘録	ちいたな						sm35212410																					
ビカム陀仏	ユリイ・カノン						sm40293797																					
ヒカレルサテライト	tilt-six						sm20433562																					
ひまわり	Project Lumina						sm45320978																					
フィラデルフィア	wotaku						sm45101221																					
フィルターバブル	Teary Planet						sm41724177																					
ブーゲンビリア	香椎モイミ						sm37809668																					
フェイクマリッジ	柊マグネタイト						sm45642240																					
ふせっしょー	晴いちばん						sm44324556																					
フライトタイム	TOKOTOKO（西沢さんP）						sm11765123																					
プラシイボ♥バトラー	OSTER project						sm45235609																					
ブラッドベリ	てにをは						sm35580733																					
プラハ	歩く人						sm33967059																					
フランケン	¿?shimon						sm37743805																					
プリズムドア	SHIKI						sm6410523																					
プレイ	ギガ						sm44986252																					
フレンドリィファイア	OSTER project						sm45307107																					
プロディジーの憂愁	buzzG						sm21914169																					
プロローグ	あ子						sm33484250																					
ベルガモの少女	はるふり						sm27599583																					
ペンタトニック	syudou	バルーン					sm45460905																					
ボクとアリスのワンダーランド	れれれP						sm9752860																					
ぼくらのオービット	ジグ						sm28779746																					
ぽけっと・愛の歌	MIMI						sm41080700																					
ほしをつくるひと	MazoP						sm12418860																					
ホワイトリリー	ケイエヌ						sm29917093																					
マシュマロ	DECO*27						sm45426911																					
また私に夢中になってくれるでしょう。	Haniwa						sm44411487																					
マヨナカディスコ	真夜中P						sm26885258																					
まるで映画みたく下らない。	芥田レンリ	無色透名祭公式					sm45656789																					
みずのまもりびと	MazoP						sm13627791																					
ミライリフレクト	MIMI						sm29546368																					
ムーンライト・フィナーレ	ヤマギシコージ	無色透名祭公式					so45515711																					
ムリプラス	オワタP						sm13496161																					
メイリアリア  ダンスムーシカ	ユキトモ						sm31511790																					
メカノロジック	なきゃむりゃ						sm36979948																					
メシアによろしく	惑井						sm41805417																					
メゾン	歩く人						sm40356711																					
メテオラ	Chinozo						sm42902149																					
メリー・アンバースデー	夏山よつぎ						so41795367																					
もしも話	すこっぷ						sm8744115																					
もちもちがーる	わたしょ						sm33380765																					
もやし女	アンダーバー						sm19375819																					
ヤー・チャイカ	yamada						sm39281078																					
やさしいまほうのつかいみち	Kyiku						sm42567953																					
ユーリカは夜にだけ	mao sasagawa						sm26830407																					
ユニークエンド	雨良	無色透名祭公式					sm45641535																					
ユメミ	r-906						sm44843304																					
ゆらゆら	田中B						sm33834511																					
ラストラス	*Luna						so45125163																					
ラブポーション	INOSON						sm18173673																					
ラブマッスル〜腹筋のテーゼ〜	かごめP						sm9801845																					
ラブモンスター	mahito						sm45314153																					
ラボ・ラトリ	柊マグネタイト						sm41046760																					
ランパンマン	YASUHIRO						sm22401944																					
ランペイジ	油性						sm43305605																					
リイマカハ	mayuko						nm9451473																					
リベンジグッバイ	におP						sm31307140																					
リリーの花束	ミリ子						sm31978945																					
ルスバンドライブ	日向電工						sm19073393																					
ルナ 〜海の妖精〜	トラボルタ						sm4329260																					
レキシコン	wotaku						sm34598898																					
レクイヱム	ぺぺろんP						sm15967377																					
レゾナル	きさら						sm35455177																					
レモンスカッシュ	めろくる						sm40351130																					
ロードムービーの彼女	有機酸						sm26182022																					
ローレライ	monaca:factory						sm20615007																					
ロストロンリーアーティズム	Kris						sm35633313																					
ロマンスニフレ	ワンダフル★オポチュニティ！						sm10385393																					
わすらるる	ふなむし						sm15886679																					
わんわんお！	Bumpyうるし						nm7832261																					
愛は雨のように	マグロジュース						sm31446166																					
愛属性	ピノキオピー						sm45467830																					
或る詩謡い人形の記録『雪菫の少女』	青磁						nm4733604																					
一足歩行	はるふり						sm25456434																					
嘘つきのメリーゴーランド	クワガタP						sm10242501																					
運命サイダー	光収容						sm15145460																					
臆病踏切	猫虫						sm17643924																					
俺の名はタカハシ	かくして画面に現れたるP						sm25281942																					
何となく言ってみたい言葉	（бεб）P						sm6505549																					
何れ菖蒲か杜若	millstones						sm23801532																					
夏の終わり	螟上?邨ゅｏ繧						sm45331249																					
家に帰ると妻が魔法少女のコスプレしています。	ほぼ日P						sm19310870																					
家出	カンザキイオリ						sm31455021																					
花とヤクソク	Ponchi♪						sm38192281																					
花溺れ	shikisai						sm43583305																					
花風*ワンダーレール	mint*						sm26202405																					
画脂鏤氷	かんてゐく						sm41714264																					
怪奇都市	⌘ハイノミ	N-Roac					sm42781010																					
怪物の名前	時雨						sm34781402																					
海底のシネマ	末代雨季。						sm42577089																					
勧善懲悪のスティグマータ	buzzG						sm33981229																					
感覚	クワガタP						sm8532756																					
帰り道	におP						sm10302536																					
帰心	しろはりねずみ						sm29698140																					
気になるあの娘は黒猫ガール	せかいせいふくP						sm8382864																					
祈らず行脚	サツキ						sm44664715																					
祈声	mayuko						sm17791898																					
虐	椿。						sm44401085																					
吸血鬼は恋をしない	ワカバ						sm34104954																					
泣いたっていいじゃん	兄さんP						sm26948400																					
魚眼の君と灯と底と	シアン・キノ						sm39780874																					
共依存	ちいたな						sm37613360																					
恐竜電力の街	シャノン						sm43165268																					
狂笑トリックスターズ	OSTER project						sm44248186																					
狭っ苦しくてしゃあないわ	読谷あかね						sm44150569																					
金持ちあいつはテトロミノ	ただのCo						sm20657613																					
九十九ノ刃	れるりり						sm25988323																					
愚図	のすけ						sm45176447																					
空知らぬ雨	低所得P						sm39338213																					
空白	カンザキイオリ						sm34943904																					
劇終	夜抒						sm43425534																					
見えないあなた	春浅葱						sm44671899																					
幻冬	あだちかすか						sm43448495																					
孤独の反重力	enjoyeer						sm44558706																					
五月十一日	otetsu						sm6388428																					
五月少女	millstones						sm10723549																					
午前3時のヘッドフォン	石風呂						sm16117488																					
午前4時の金星	黒田亜津						sm21758798																					
午前四時半	Orangestar						sm23852034																					
御伽の国	ATOLS						sm36468317																					
向こう側の君へ	仕事してP						sm41806584																					
幸生物質	DARAKU						sm41786337																					
劫の韻律	廻転楕円体						sm28401616																					
合わせ鏡のウワサ	読谷あかね						sm44832143																					
黒い塔の王子	マチゲリータ						sm4280907																					
今日のずんだはみなごろし	ちから						sm43105513																					
今夜がスパンキー	ナモナキP						sm2647458																					
再生	におP						sm19898493																					
最憂間で君は	Eight						sm20664876																					
栽培	appy						sm39861785																					
咲クヤ此ノ花	はやくP						sm16264908																					
昨日はすべて返される	きくお						sm34592215																					
桜と僕とあの子にhshsな気持ち	HoneyWorks						sm17610817																					
桜の戦略	MIMI						sm44929255																					
四月の魚	メル						sm25535271																					
死別	シャノン						sm43590624																					
私の彼は戦国武将	ぶりる						sm7450810																					
紫色の向日葵	香椎モイミ						sm42515726																					
自分ルール	なぎP						sm7605761																					
失態生態実験体	ぺぽよ						sm39475436																					
嫉妬心	*Luna						sm27622242																					
手の鳴るほうへ	薄塩指数						sm26119934																					
手杵の槍	カラクサ						sm26195828																					
終演を告げる	ぽりふぉ						sm33853804																					
終末フォアキャスト	いおぎりょう						sm44690991																					
獣心覚醒	ライブP						sm15387138																					
春、教室にて	shigusa						sm34459484																					
初音ミクのうた	だいすけP						sm1589380																					
傷心中	ピコン						sm40797670																					
床に染み付いたヨーグルトなんだ	ラマーズP						sm35782127																					
晶影トワイライトエレジー	詩乃原しの						sm45318912																					
心層麻酔	iKzzz						sm31857569																					
真っ白なキャンパス	SmileR						sm18338864																					
神居謡	solareca						sm15078591																					
進め★JINSEI行進曲	100回嘔吐						sm32855011																					
人形と左目	デッドボールP						sm11905494																					
推定ラブソング	あ子						so44634109																					
水時計	____natural						sm33274112																					
星とあなたと私	NONEMU						sm29105794																					
星恋歌	MIMI						sm44345500																					
正直なんもわからん	タケノコ少年						sm39473412																					
生きてゆくために	TACHE						sm6167082																					
生きる証	Guiano						sm30949692																					
青果実	EO						sm41131517																					
青春劇	サツキ						sm38213817																					
石碑	inaphon						sm7615309																					
雪に願いを	すこっぷ						sm22551906																					
雪の日とラブソング	はりーP						sm20197321																					
絶滅によろしく	szri						sm44676489																					
蝉時雨の中で	エキゾチックかまたに						sm27054151																					
前夜祭の蝋燭	mayuko						sm29944030																					
全部壊しちゃえ！	柏木カレキ						sm44349208																					
束縛式アタッチメント	ラマーズP						sm29213609																					
卒アル売って花屋になります	SLAVE.V-V-R						sm28384523																					
太陽	niki						sm11817562																					
大雀蜂	鬱P						sm45318365																					
探偵★IAちゃん VS 怪盗☆ゆかりん！	nami(親方P)						sm23234903																					
断罪アウターレッド	bibuko						sm14112247																					
地獄アイドル『ラブリーデストロイ』	SLAVE.V-V-R						sm27480002																					
恥ずかs×××	ラマーズP						sm18187886																					
超深淵帯	稲葉曇						sm45226138																					
沈む夏夜に金盞花	夏秋霖						sm37019591																					
痛いの痛いの飛んでいけ	Kyiku						sm41925702																					
轍-わだち-	koushirou（卑屈P）						sm3125185																					
鉄錆で育った世界樹の下で	dama						sm45670548																					
天井	buzzG						sm13042232																					
天国の刑	サツキ						sm45317075																					
天使揮発性	LITCHI						sm43848758																					
電彩造花 -digital artistry-	ヤスオ						sm9024294																					
電視遊戯	164						sm41639606																					
東京アクアリウム	わか/IMBK						sm23806898																					
東京キャスター	はりーP						sm19228965																					
湯霧ノ旅路	だいすけP						sm33504705																					
道しるべ	かよぴぃ						sm30013591																					
脳内ヲカタヅケ代行サービス	cosMo@暴走P						sm44437463																					
廃園遊戯	メレル						sm33252709																					
白雪〜sirayuki〜	黒うさP						sm2316254																					
白昼夢	mato						sm18605263																					
白日	risou						sm26632874																					
爆砕プリン	かいりきベア						sm15416634																					
箱庭の夢	ひとしずく	やま△					sm21092119																					
微熱と焦燥	はるふり						sm26162315																					
氷夏	陽澄リョウ						sm45219031																					
氷解	吉田夜世						sm41938680																					
不完全ボーダーライン	A:me						sm35330611																					
浮遊メモリー	◈*ゆくえわっと						sm39866909																					
風花舞	ウタP						sm6513344																					
風上	歩く人						sm45304310																					
文字化ヶ	伊根						sm45324278																					
碧の跡形	dama						sm45218451																					
片想い	木村ユタカ						sm32335914																					
返り討ち	john						sm35844123																					
返心歌	傘村トータ						sm35923661																					
圃ﾘ為袈	藤原ハガネ						sm43637598																					
暮らしくる	ドアのノブ						sm45322270																					
包帯と蝶	ジグ						sm34983416																					
鳳仙花	黒澤まどか						sm21479692																					
忘れてしまうボクは	アカヨウチュウ						sm44676444																					
忘れものセンターにまたね！	いのうつはSA						sm45317076																					
僕はまぶたになりたい	ほのぼのP						sm7527985																					
未来時計AM4:30	蜻蛉						sm14158543																					
密かなる交信曲	濁茶						sm38944376																					
蜜月アン・ドゥ・トロワ	DATEKEN						sm20096569																					
眠れないあなたの為に	KAITO技術向上委員会						sm3832253																					
夢路香りて宴と為す	ふる						sm31353872																					
無条件幸福	ボカロ互助会						sm2024492																					
迷い猫の名は	綾葉						sm21650570																					
夜のあいろに	MIMI						sm41511267																					
夜の欠片	ぺぺろんP						sm27464959																					
夜行線上のフライト	ゆうゆ						sm21603423																					
夜風に飛べ	犀は火曜日、山羊は海						sm32848835																					
勇者になれない僕ら	ねじ式						sm22239690																					
遊夢色カンガルー	あすなろP						sm21607240																					
夕凪とカメラ	n.k						sm33725765																					
夕暮れツイッター	みきとP						sm12262035																					
予感リップス	円盤P						sm25912950																					
雷光のゆくえ	物煎餅						sm28544289																					
藍時雨	Aqu3ra						sm45301102																					
立夏。キキョウ	キョータ						sm28628464																					
立体音響	ATOLS						sm11889939																					
流星サウンド	nana						sm12888933																					
流線プリズム	ギガ						nm10188840																					
流転命星	ウタP						sm28533036																					
恋のおまじない	Nyusound						sm8782998																					
惑星無修正	鬱P						sm16905012																					
翳す生活	えいぐふと						sm36033444																					
蛹	blues						sm39475149																					
逡巡、踊り場にて	卯花ロク						sm43814448																					