sm28553846	sm28553846.json	僕は。	None
sm40183475	sm40183475.json	水彩の空	None
sm33568635	sm33568635.json	デッドロイド	None
sm21468850	sm21468850.json	ラブアトミック・トランスファー (z’5 Arrange)	None
sm42539503	sm42539503.json	脚本家は宇宙船に乗る	None
sm14027065	sm14027065.json	コメコジキナノサー♪	None
sm40352226	sm40352226.json	無題 ep.01	None
sm41781600	sm41781600.json	ちっぽけな創星	None
sm40876514	sm40876514.json	Astra	None
sm16441674	sm16441674.json	シティー・ボーイ	None
sm31041896	sm31041896.json	すべてはまぼろし	【初音ミク】すべてはまぼろし【#ポッジーニトリビュート】
sm40887976	sm40887976.json	愛呪	None
sm38618405	sm38618405.json	Secret Universe	None
sm38858307	sm38858307.json	Shooting Star	None
sm28682643	sm28682643.json	last will	None
sm27852343	sm27852343.json	Lagrangian Point 改	None
sm31940830	sm31940830.json	葵ちゃんはチョコミントアイスエイヤッ↑(/＞_＜)/	葵ちゃんはチョコミントアイスエイヤッ↑(/＞_＜)/
sm40851391	sm40851391.json	法のアナル	None
sm40871818	sm40871818.json	フィラウティア	None
sm38038905	sm38038905.json	摩天楼ワンダー	None
sm43429700	sm43429700.json	無名のクオリア	None
sm34831056	sm34831056.json	アイシテナイフ	None
sm4099653	sm4099653.json	恋のIT革命★	None
sm41781565	sm41781565.json	ふたりでひとつみまん	None
sm42577322	sm42577322.json	いえすかちゅうか	None
sm32220951	sm32220951.json	篝火と霹靂	None
sm26983384	sm26983384.json	あなたの願いをうたうもの	None
sm25485863	sm25485863.json	いざしゅつじん！	None
sm29708463	sm29708463.json	猫と花壇	None
sm43439171	sm43439171.json	コラム	None
sm39990513	sm39990513.json	ダークチョコレート防衛線	None
sm30699745	sm30699745.json	境界性ラインアート	None
sm32072376	sm32072376.json	エイラ	None
sm33769484	sm33769484.json	..	None
sm39453314	sm39453314.json	dynaMic Letter	None
so40799973	so40799973.json	テキストを入力	None
sm41182046	sm41182046.json	ちっぱいがいっぱい	None
sm14373519	sm14373519.json	キミトセカイ	None
sm28331800	sm28331800.json	現実ノンフィクション	None
sm36131300	sm36131300.json	創造の破壊	None
sm16521014	sm16521014.json	bouquet	None
sm41187415	sm41187415.json	腐っても幸せ	None
sm41013731	sm41013731.json	コア	None
sm38347082	sm38347082.json	CLASH OUT	None
sm39881925	sm39881925.json	夜の自販機	None
sm2554563	sm2554563.json	何かもう駄目なだんご大家族	None
sm41173209	sm41173209.json	没	None
sm32808001	sm32808001.json	ロリータファッション	None
sm17172092	sm17172092.json	Sweet Sweet Cendrillon Drug (無力Pアレンジ)	None
nm3942209	nm3942209.json	舎利禮文	None
sm42574953	sm42574953.json	Nascence	None
sm24186428	sm24186428.json	文学者の恋文	None
sm34922912	sm34922912.json	君は不幸になれない	None
sm31684772	sm31684772.json	オノマペット	None
sm31738794	sm31738794.json	君のいない世界には音も色もない	None
sm30022509	sm30022509.json	アオイヒマワリ	None
sm24822550	sm24822550.json	あー	None
sm25764366	sm25764366.json	泥の中の花	None
sm32566384	sm32566384.json	anywhere door	None
sm36969360	sm36969360.json	夜雨乞い	None
sm26676702	sm26676702.json	コペルニクス	None
sm29378902	sm29378902.json	私とジュリエット	None
sm41439327	sm41439327.json	部屋に照らされた光	None
sm37159162	sm37159162.json	Lilisu	None
sm39472906	sm39472906.json	毒断情	None
sm29905804	sm29905804.json	君と僕のサンクチュアリィ	None
sm34373465	sm34373465.json	Love生き続けるエナジー	None
sm44669930	sm44669930.json	永遠の夢	永遠の夢-Tomy feat.初音ミク
sm32276225	sm32276225.json	ココロノカタチ	None
sm41666484	sm41666484.json	気まぐれアフェクション	None
sm44637664	sm44637664.json	ノクターンシティ・トウキョウ	ノクターンシティ・トウキョウ / 鏡音リン
sm35742878	sm35742878.json	Cheering Swing!	【Electro Swing】Cheering Swing!【歌うボイスロイド】
sm33447908	sm33447908.json	Moon!!	None
sm42575199	sm42575199.json	百葉箱	None
sm34783861	sm34783861.json	GO TO HELL!	None
sm20385694	sm20385694.json	櫻-Sakura-	None
sm36015175	sm36015175.json	音沙汰	None
sm36271857	sm36271857.json	Penguin's Detour	None
sm42603880	sm42603880.json	東京舞踊	None
sm39718906	sm39718906.json	きみよみ	きみよみ / 七草はづき
sm33600068	sm33600068.json	アイソテーゼ・ハートレス	None
sm28441967	sm28441967.json	過ぎし3月の君へ	None
sm37207755	sm37207755.json	ゆりかごまわる	None
sm39638338	sm39638338.json	ネッコに顔を踏まれたい	【琴葉茜・葵（蕾）】ネッコに顔を踏まれたい【歌うA.I.VOICE】
sm40862114	sm40862114.json	Caught At Last	None
sm26869818	sm26869818.json	リフレクトノイズ	None
sm40880453	sm40880453.json	キャラメルヘブン	None
sm42632149	sm42632149.json	夏嵐と透明人間	None
sm39568709	sm39568709.json	名前を呼ばないで	None
sm40854175	sm40854175.json	Escape	None
sm36332360	sm36332360.json	わっ! のうた	None
sm42986964	sm42986964.json	雨とダンス	None
sm21893513	sm21893513.json	EdelWeiss	None
sm39967874	sm39967874.json	Grief	None
sm37680422	sm37680422.json	俯瞰、愛を躍る	None
sm1482320	sm1482320.json	やくそく	None
sm38623269	sm38623269.json	Vanilla	None
sm40258995	sm40258995.json	歪なわけ、教えてあげる	None
sm2059015	sm2059015.json	バレンタインの	None
sm32943282	sm32943282.json	UTA NO ONE-SAN	None
sm35486736	sm35486736.json	水無月の通り雨	None
sm43927988	sm43927988.json	レイのつぶやき	None
sm39110310	sm39110310.json	祭ル!!	None
sm40854666	sm40854666.json	アイスクリーム	None
sm12075172	sm12075172.json	The Beast.	None
sm31739587	sm31739587.json	スーサイドダンスにご用心	None
sm32716394	sm32716394.json	コンプレックスアートを召上れ	None
sm43005901	sm43005901.json	アンサー	None
sm41953437	sm41953437.json	luv drama	None
sm33631338	sm33631338.json	Plum	None
sm41141022	sm41141022.json	セレストラスト	None
sm41714921	sm41714921.json	ロストワールド	None
sm36589496	sm36589496.json	ナイトメア・レイヴィーナス	None
sm34663592	sm34663592.json	深海列車はさよならを乗せて	None
sm36586324	sm36586324.json	夏暁	None
sm13411290	sm13411290.json	新世界へのプロローグ	None
sm38188453	sm38188453.json	ソドム	None
sm44681852	sm44681852.json	scissors	【裏命】 scissors / EN0N
sm34881808	sm34881808.json	ウミガメのなみだはしおらしい	ウミガメのなみだはしおらしい
sm39474442	sm39474442.json	Deep	None
sm35718123	sm35718123.json	蝶々溶解	None
sm39964985	sm39964985.json	samidare	None
sm32104110	sm32104110.json	無・無・無	None
sm21027040	sm21027040.json	ユクエシレズ	None
sm44678446	sm44678446.json	ユーロスターに乗って	ユーロスターに乗って/歌愛ユキ
nm7103480	nm7103480.json	チルノのすうがく教室	【東方】 チルノのすうがく教室
sm40349691	sm40349691.json	祈りに絆されて	None
sm32479792	sm32479792.json	シャットダウン	None
sm40846699	sm40846699.json	東京地下鉄ラバー	東京地下鉄ラバー / feat.可不 【ヘッドフォンガール】
sm39985553	sm39985553.json	シルシナータ	None
sm41781642	sm41781642.json	サムナンビュリスト	None
sm39872532	sm39872532.json	iris	None
